,spec,n_mem_states,seed,objective,score
0,paint.95,,2024,memoryless,-6.809465916332627e-05
1,paint.95,,2025,memoryless,0.2736466916215696
2,paint.95,,2026,memoryless,0.347771660267184
3,paint.95,,2027,memoryless,-1.0675223123773848e-05
4,paint.95,,2028,memoryless,0.3477925325596057
5,paint.95,,2029,memoryless,0.22721907332094965
6,paint.95,,2030,memoryless,0.3477706594993496
7,paint.95,,2031,memoryless,-5.8331364337237254e-05
8,paint.95,,2032,memoryless,0.34770366693054267
9,paint.95,,2033,memoryless,0.2738260199162903
10,paint.95,,2034,memoryless,0.3477371481447406
11,paint.95,,2035,memoryless,0.3477894029546568
12,paint.95,,2036,memoryless,0.2738024273042621
13,paint.95,,2037,memoryless,0.3478436434921696
14,paint.95,,2038,memoryless,0.3476855660796541
15,paint.95,,2039,memoryless,0.3477836317366324
16,paint.95,,2040,memoryless,-3.611004613204842e-05
17,paint.95,,2041,memoryless,0.2737168352809213
18,paint.95,,2042,memoryless,0.34770769802188595
19,paint.95,,2043,memoryless,-8.960000125974608e-06
20,paint.95,,2044,memoryless,0.34752022983455877
21,paint.95,,2045,memoryless,-0.00013038124896405312
22,paint.95,,2046,memoryless,-7.310966527660185e-05
23,paint.95,,2047,memoryless,-4.23021479683923e-05
24,paint.95,,2048,memoryless,-0.00010377293568598001
25,paint.95,,2049,memoryless,0.34782379133246166
26,paint.95,,2050,memoryless,0.27374675562235945
27,paint.95,,2051,memoryless,0.2737711428487646
28,paint.95,,2052,memoryless,0.3478278471243101
29,paint.95,,2053,memoryless,0.2737730928589447
0,paint.95,,2024,random,-4.346900986309976
1,paint.95,,2025,random,-4.129313597558517
2,paint.95,,2026,random,-4.03299247922713
3,paint.95,,2027,random,-4.331410813238673
4,paint.95,,2028,random,-4.006808986431569
5,paint.95,,2029,random,-4.17494278426823
6,paint.95,,2030,random,-4.61703464003703
7,paint.95,,2031,random,-3.9570732338626775
8,paint.95,,2032,random,-4.429264487153349
9,paint.95,,2033,random,-4.228787318880137
10,paint.95,,2034,random,-4.445907060478607
11,paint.95,,2035,random,-3.992580425501225
12,paint.95,,2036,random,-4.498906995069177
13,paint.95,,2037,random,-4.338030837475092
14,paint.95,,2038,random,-4.2108070416968895
15,paint.95,,2039,random,-4.738307386640897
16,paint.95,,2040,random,-4.116929422751913
17,paint.95,,2041,random,-4.152613709627851
18,paint.95,,2042,random,-4.36710900427719
19,paint.95,,2043,random,-4.4874080853734455
20,paint.95,,2044,random,-4.6855600013214955
21,paint.95,,2045,random,-4.473214649331634
22,paint.95,,2046,random,-4.168232192844373
23,paint.95,,2047,random,-4.37082299014844
24,paint.95,,2048,random,-4.292422002571589
25,paint.95,,2049,random,-4.186992629324113
26,paint.95,,2050,random,-4.752507058493115
27,paint.95,,2051,random,-4.7287069733881335
28,paint.95,,2052,random,-4.397584134552107
29,paint.95,,2053,random,-4.6447398979038566
0,paint.95,4.0,2024,ld,1.3857620462018732
1,paint.95,4.0,2025,ld,-6.251741509113307e-05
2,paint.95,4.0,2026,ld,1.328420643425204
3,paint.95,4.0,2027,ld,2.1576112671022343
4,paint.95,4.0,2028,ld,2.679505014833409
5,paint.95,4.0,2029,ld,-2.5205505603289335e-05
6,paint.95,4.0,2030,ld,2.8280294820340135
7,paint.95,4.0,2031,ld,0.16304994024459563
8,paint.95,4.0,2032,ld,1.0467417870967348
9,paint.95,4.0,2033,ld,1.0457895938090744
10,paint.95,4.0,2034,ld,1.63470940956771
11,paint.95,4.0,2035,ld,0.012911557049644369
12,paint.95,4.0,2036,ld,2.204183336511812
13,paint.95,4.0,2037,ld,2.604626006903071
14,paint.95,4.0,2038,ld,0.03708134307712215
15,paint.95,4.0,2039,ld,1.5707353475331958
16,paint.95,4.0,2040,ld,3.0658893430257907
17,paint.95,4.0,2041,ld,1.3277419265675747
18,paint.95,4.0,2042,ld,1.2421522075262035
19,paint.95,4.0,2043,ld,3.007540632289308
20,paint.95,4.0,2044,ld,3.071759408219195
21,paint.95,4.0,2045,ld,1.2591560077932762
22,paint.95,4.0,2046,ld,1.2570734964146482
23,paint.95,4.0,2047,ld,1.479030670677318
24,paint.95,4.0,2048,ld,1.381929038373598
25,paint.95,4.0,2049,ld,2.2823847627605764
26,paint.95,4.0,2050,ld,1.313961480739174
27,paint.95,4.0,2051,ld,2.607284438865516
28,paint.95,4.0,2052,ld,0.34778430931738785
29,paint.95,4.0,2053,ld,2.8234153840412035
0,tmaze_5_two_thirds_up,,2029,memoryless,1.0628626142468927
1,tmaze_5_two_thirds_up,,2030,memoryless,1.0628610342042273
2,tmaze_5_two_thirds_up,,2031,memoryless,1.0628614546935546
3,tmaze_5_two_thirds_up,,2032,memoryless,1.0628624591818456
4,tmaze_5_two_thirds_up,,2033,memoryless,1.0628599811420576
5,tmaze_5_two_thirds_up,,2034,memoryless,1.0628636933023334
6,tmaze_5_two_thirds_up,,2035,memoryless,1.0362930021739638
7,tmaze_5_two_thirds_up,,2036,memoryless,1.0628561527738858
8,tmaze_5_two_thirds_up,,2037,memoryless,1.0628601972177092
9,tmaze_5_two_thirds_up,,2038,memoryless,1.0628620947724325
10,tmaze_5_two_thirds_up,,2039,memoryless,1.0628596257830307
11,tmaze_5_two_thirds_up,,2040,memoryless,1.0362943293903086
12,tmaze_5_two_thirds_up,,2041,memoryless,1.0628627454511037
13,tmaze_5_two_thirds_up,,2042,memoryless,1.0628607281383695
14,tmaze_5_two_thirds_up,,2043,memoryless,1.062824666674753
15,tmaze_5_two_thirds_up,,2044,memoryless,1.062864155273898
16,tmaze_5_two_thirds_up,,2045,memoryless,1.062862766991435
17,tmaze_5_two_thirds_up,,2046,memoryless,1.0363356109144386
18,tmaze_5_two_thirds_up,,2047,memoryless,1.0362931448655974
19,tmaze_5_two_thirds_up,,2048,memoryless,1.0628512825127234
20,tmaze_5_two_thirds_up,,2049,memoryless,1.0628630364428182
21,tmaze_5_two_thirds_up,,2050,memoryless,1.062869348408425
22,tmaze_5_two_thirds_up,,2051,memoryless,1.0628599525543814
23,tmaze_5_two_thirds_up,,2052,memoryless,1.0362909461193264
24,tmaze_5_two_thirds_up,,2053,memoryless,1.0628608426490167
25,tmaze_5_two_thirds_up,,2054,memoryless,1.0628630196290454
26,tmaze_5_two_thirds_up,,2055,memoryless,1.0628654758331555
27,tmaze_5_two_thirds_up,,2056,memoryless,1.0628626849598184
28,tmaze_5_two_thirds_up,,2057,memoryless,1.0628681001613054
29,tmaze_5_two_thirds_up,,2058,memoryless,1.0628650216582656
0,tmaze_5_two_thirds_up,,2029,random,0.09554719118517616
1,tmaze_5_two_thirds_up,,2030,random,0.08852581301370084
2,tmaze_5_two_thirds_up,,2031,random,0.09162812092741178
3,tmaze_5_two_thirds_up,,2032,random,0.07214317696910763
4,tmaze_5_two_thirds_up,,2033,random,0.08532773262091287
5,tmaze_5_two_thirds_up,,2034,random,0.07890658145096874
6,tmaze_5_two_thirds_up,,2035,random,0.10273377044155048
7,tmaze_5_two_thirds_up,,2036,random,0.07562307591399968
8,tmaze_5_two_thirds_up,,2037,random,0.08329636200550097
9,tmaze_5_two_thirds_up,,2038,random,0.07954949783688518
10,tmaze_5_two_thirds_up,,2039,random,0.10144651308772466
11,tmaze_5_two_thirds_up,,2040,random,0.08586885050339388
12,tmaze_5_two_thirds_up,,2041,random,0.07830376076930512
13,tmaze_5_two_thirds_up,,2042,random,0.08545245936401592
14,tmaze_5_two_thirds_up,,2043,random,0.09403782338623824
15,tmaze_5_two_thirds_up,,2044,random,0.09462403489574371
16,tmaze_5_two_thirds_up,,2045,random,0.1053030655862458
17,tmaze_5_two_thirds_up,,2046,random,0.10571946432728799
18,tmaze_5_two_thirds_up,,2047,random,0.0803822265048518
19,tmaze_5_two_thirds_up,,2048,random,0.09678150290108659
20,tmaze_5_two_thirds_up,,2049,random,0.07632414770335673
21,tmaze_5_two_thirds_up,,2050,random,0.09395624615445368
22,tmaze_5_two_thirds_up,,2051,random,0.0896200859561393
23,tmaze_5_two_thirds_up,,2052,random,0.10929556194226295
24,tmaze_5_two_thirds_up,,2053,random,0.10711767056803363
25,tmaze_5_two_thirds_up,,2054,random,0.0925450049365607
26,tmaze_5_two_thirds_up,,2055,random,0.07754985155279673
27,tmaze_5_two_thirds_up,,2056,random,0.09493974439211646
28,tmaze_5_two_thirds_up,,2057,random,0.0814199242262221
29,tmaze_5_two_thirds_up,,2058,random,0.06775265976177444
0,tmaze_5_two_thirds_up,8.0,2029,ld,1.0628102077419543
1,tmaze_5_two_thirds_up,8.0,2030,ld,2.019905991703343
2,tmaze_5_two_thirds_up,8.0,2031,ld,2.125107980446124
3,tmaze_5_two_thirds_up,8.0,2032,ld,2.1243566621715173
4,tmaze_5_two_thirds_up,8.0,2033,ld,1.0628632593429288
5,tmaze_5_two_thirds_up,8.0,2034,ld,1.3742816770043125
6,tmaze_5_two_thirds_up,8.0,2035,ld,1.3209380354049032
7,tmaze_5_two_thirds_up,8.0,2036,ld,1.0905384877958175
8,tmaze_5_two_thirds_up,8.0,2037,ld,1.0628599492688928
9,tmaze_5_two_thirds_up,8.0,2038,ld,1.3731867437644163
10,tmaze_5_two_thirds_up,8.0,2039,ld,2.1255279154246596
11,tmaze_5_two_thirds_up,8.0,2040,ld,2.0947757437101924
12,tmaze_5_two_thirds_up,8.0,2041,ld,1.5183272449924323
13,tmaze_5_two_thirds_up,8.0,2042,ld,1.0628610502514912
14,tmaze_5_two_thirds_up,8.0,2043,ld,2.125614666488238
15,tmaze_5_two_thirds_up,8.0,2044,ld,2.1256378260962197
16,tmaze_5_two_thirds_up,8.0,2045,ld,2.026261916449478
17,tmaze_5_two_thirds_up,8.0,2046,ld,2.0747789564640016
18,tmaze_5_two_thirds_up,8.0,2047,ld,2.125633012540643
19,tmaze_5_two_thirds_up,8.0,2048,ld,2.1211055852627716
20,tmaze_5_two_thirds_up,8.0,2049,ld,2.1093794345772263
21,tmaze_5_two_thirds_up,8.0,2050,ld,2.0766677481377993
22,tmaze_5_two_thirds_up,8.0,2051,ld,2.1256881538288237
23,tmaze_5_two_thirds_up,8.0,2052,ld,1.0397452555257467
24,tmaze_5_two_thirds_up,8.0,2053,ld,2.1255451740236113
25,tmaze_5_two_thirds_up,8.0,2054,ld,2.122201335140318
26,tmaze_5_two_thirds_up,8.0,2055,ld,1.8921162103709102
27,tmaze_5_two_thirds_up,8.0,2056,ld,2.076122238750272
28,tmaze_5_two_thirds_up,8.0,2057,ld,1.0628642606800585
29,tmaze_5_two_thirds_up,8.0,2058,ld,1.062861839853639
0,network,,2024,memoryless,140.6759775356746
1,network,,2025,memoryless,140.67350572246428
2,network,,2026,memoryless,140.67102752597037
3,network,,2027,memoryless,140.67430295543662
4,network,,2028,memoryless,140.6703762909187
5,network,,2029,memoryless,140.67871190533162
6,network,,2030,memoryless,140.67094800088236
7,network,,2031,memoryless,140.67699302339085
8,network,,2032,memoryless,140.67295448917764
9,network,,2033,memoryless,140.6702109779212
10,network,,2034,memoryless,140.67395085635735
11,network,,2035,memoryless,140.6734622281117
12,network,,2036,memoryless,140.6696862235492
13,network,,2037,memoryless,140.67465367918066
14,network,,2038,memoryless,140.67715868008347
15,network,,2039,memoryless,140.6761651101572
16,network,,2040,memoryless,140.67462879967843
17,network,,2041,memoryless,140.67804675607542
18,network,,2042,memoryless,140.6753882302256
19,network,,2043,memoryless,140.66756466236674
20,network,,2044,memoryless,140.67213813187274
21,network,,2045,memoryless,140.67073503244896
22,network,,2046,memoryless,140.6676818301016
23,network,,2047,memoryless,140.67318949984735
24,network,,2048,memoryless,140.67423443264164
25,network,,2049,memoryless,140.67660205226372
26,network,,2050,memoryless,140.670972855386
27,network,,2051,memoryless,140.66660782937086
28,network,,2052,memoryless,140.67541599972085
29,network,,2053,memoryless,140.66919562541122
0,network,,2024,random,-255.00629577067957
1,network,,2025,random,-267.32616199147924
2,network,,2026,random,-309.6437666469267
3,network,,2027,random,-265.2623841272313
4,network,,2028,random,-244.981966103016
5,network,,2029,random,-276.5726141824851
6,network,,2030,random,-262.6725236561765
7,network,,2031,random,-294.4532286438887
8,network,,2032,random,-256.28945386325296
9,network,,2033,random,-287.4737760366278
10,network,,2034,random,-263.66504908475855
11,network,,2035,random,-284.8803033144985
12,network,,2036,random,-277.8631628997662
13,network,,2037,random,-298.5746132072045
14,network,,2038,random,-260.6909729320907
15,network,,2039,random,-278.67795552613217
16,network,,2040,random,-256.9456954148221
17,network,,2041,random,-261.48814290971063
18,network,,2042,random,-249.04363721054804
19,network,,2043,random,-309.0648197396725
20,network,,2044,random,-252.55682258967525
21,network,,2045,random,-268.81429908555674
22,network,,2046,random,-302.523065191073
23,network,,2047,random,-285.08002818453843
24,network,,2048,random,-278.25165057478574
25,network,,2049,random,-279.77432691147567
26,network,,2050,random,-260.30839308369843
27,network,,2051,random,-293.3307520698119
28,network,,2052,random,-285.578702545319
29,network,,2053,random,-280.617429448943
0,network,8.0,2024,ld,216.15069269479736
1,network,8.0,2025,ld,167.58408987880324
2,network,8.0,2026,ld,212.9103067328021
3,network,8.0,2027,ld,217.90790421541723
4,network,8.0,2028,ld,183.88860617764436
5,network,8.0,2029,ld,199.11757563767705
6,network,8.0,2030,ld,231.40827599112586
7,network,8.0,2031,ld,216.99447356385411
8,network,8.0,2032,ld,214.0568733862125
9,network,8.0,2033,ld,229.84119025878533
10,network,8.0,2034,ld,224.2238200813532
11,network,8.0,2035,ld,144.39297635753152
12,network,8.0,2036,ld,159.9280905444145
13,network,8.0,2037,ld,220.8518686694377
14,network,8.0,2038,ld,220.80301151673459
15,network,8.0,2039,ld,233.55141537365483
16,network,8.0,2040,ld,214.76574812765165
17,network,8.0,2041,ld,226.08254420982516
18,network,8.0,2042,ld,213.48253864584163
19,network,8.0,2043,ld,215.7317174971324
20,network,8.0,2044,ld,216.1176129958759
21,network,8.0,2045,ld,199.94962713910172
22,network,8.0,2046,ld,218.8121164002661
23,network,8.0,2047,ld,222.43186129567934
24,network,8.0,2048,ld,227.35477443271768
25,network,8.0,2049,ld,218.14177317809248
26,network,8.0,2050,ld,212.23994281458775
27,network,8.0,2051,ld,224.65437308664232
28,network,8.0,2052,ld,190.35826433721527
29,network,8.0,2053,ld,229.0748550513885
0,cheese.95,,2024,memoryless,2.0791194648319786
1,cheese.95,,2025,memoryless,2.079116972530582
2,cheese.95,,2026,memoryless,2.0791211488002412
3,cheese.95,,2027,memoryless,2.0791177058575707
4,cheese.95,,2028,memoryless,2.0791228488138214
5,cheese.95,,2029,memoryless,2.079117586573421
6,cheese.95,,2030,memoryless,2.079116542984825
7,cheese.95,,2031,memoryless,2.0791198528287316
8,cheese.95,,2032,memoryless,2.079118864081401
9,cheese.95,,2033,memoryless,2.0791172211902844
10,cheese.95,,2034,memoryless,2.0791174371366283
11,cheese.95,,2035,memoryless,2.079115834119429
12,cheese.95,,2036,memoryless,2.079118148125288
13,cheese.95,,2037,memoryless,2.079121146033721
14,cheese.95,,2038,memoryless,2.079117441642339
15,cheese.95,,2039,memoryless,2.0791149316116417
16,cheese.95,,2040,memoryless,2.07911999916429
17,cheese.95,,2041,memoryless,2.0791126619000395
18,cheese.95,,2042,memoryless,2.079113846820922
19,cheese.95,,2043,memoryless,2.079118134221205
20,cheese.95,,2044,memoryless,2.0791153936078146
21,cheese.95,,2045,memoryless,2.0791219069628752
22,cheese.95,,2046,memoryless,2.079121773369894
23,cheese.95,,2047,memoryless,2.0791160956138492
24,cheese.95,,2048,memoryless,2.0791166790318076
25,cheese.95,,2049,memoryless,2.079118640093225
26,cheese.95,,2050,memoryless,2.0791154507433935
27,cheese.95,,2051,memoryless,2.079124310737748
28,cheese.95,,2052,memoryless,2.07911450033467
29,cheese.95,,2053,memoryless,2.079115777272989
0,cheese.95,,2024,random,0.17945623641420813
1,cheese.95,,2025,random,0.16918002691470535
2,cheese.95,,2026,random,0.1728488909606742
3,cheese.95,,2027,random,0.1595729534341274
4,cheese.95,,2028,random,0.16215495614070496
5,cheese.95,,2029,random,0.15592705540427323
6,cheese.95,,2030,random,0.1780830632808232
7,cheese.95,,2031,random,0.17302138672381062
8,cheese.95,,2032,random,0.16767806362362947
9,cheese.95,,2033,random,0.16377044949696554
10,cheese.95,,2034,random,0.1717391610944195
11,cheese.95,,2035,random,0.1689424219425071
12,cheese.95,,2036,random,0.1648455213819727
13,cheese.95,,2037,random,0.18590905547055883
14,cheese.95,,2038,random,0.16433058430880002
15,cheese.95,,2039,random,0.17003986624427755
16,cheese.95,,2040,random,0.17198891461671376
17,cheese.95,,2041,random,0.1609080295064613
18,cheese.95,,2042,random,0.17839567049616636
19,cheese.95,,2043,random,0.17090048402039634
20,cheese.95,,2044,random,0.19133234608214333
21,cheese.95,,2045,random,0.1707005117804275
22,cheese.95,,2046,random,0.1902293450646832
23,cheese.95,,2047,random,0.17564997104341196
24,cheese.95,,2048,random,0.19954450264329696
25,cheese.95,,2049,random,0.15517451858764644
26,cheese.95,,2050,random,0.1821758143381885
27,cheese.95,,2051,random,0.1745914464602994
28,cheese.95,,2052,random,0.14494106764058207
29,cheese.95,,2053,random,0.1693402595995388
0,cheese.95,4.0,2024,ld,3.4399483086091904
1,cheese.95,4.0,2025,ld,3.550859759549348
2,cheese.95,4.0,2026,ld,3.4702823469368926
3,cheese.95,4.0,2027,ld,3.5782706273302067
4,cheese.95,4.0,2028,ld,3.4671708715642553
5,cheese.95,4.0,2029,ld,3.5595996673447052
6,cheese.95,4.0,2030,ld,3.4681403190372055
7,cheese.95,4.0,2031,ld,3.5769356907852106
8,cheese.95,4.0,2032,ld,3.5669871843435863
9,cheese.95,4.0,2033,ld,3.5602731573154407
10,cheese.95,4.0,2034,ld,3.510003950322589
11,cheese.95,4.0,2035,ld,3.4715830095600144
12,cheese.95,4.0,2036,ld,3.5522935291321756
13,cheese.95,4.0,2037,ld,3.1264797061986993
14,cheese.95,4.0,2038,ld,3.5762450706583904
15,cheese.95,4.0,2039,ld,3.5360643680149924
16,cheese.95,4.0,2040,ld,2.759782992778538
17,cheese.95,4.0,2041,ld,2.760825940236596
18,cheese.95,4.0,2042,ld,3.5574673109603085
19,cheese.95,4.0,2043,ld,3.51681934665923
20,cheese.95,4.0,2044,ld,2.7801251952356196
21,cheese.95,4.0,2045,ld,3.5468159931203833
22,cheese.95,4.0,2046,ld,3.565522541818284
23,cheese.95,4.0,2047,ld,3.5760697633418244
24,cheese.95,4.0,2048,ld,3.5784317701556354
25,cheese.95,4.0,2049,ld,3.57841767930801
26,cheese.95,4.0,2050,ld,2.846358726009678
27,cheese.95,4.0,2051,ld,3.47161186806938
28,cheese.95,4.0,2052,ld,3.261919352660926
29,cheese.95,4.0,2053,ld,2.8638317780119085
0,cheese.95,8.0,2024,ld,3.5774211026836378
1,cheese.95,8.0,2025,ld,3.5768143517107265
2,cheese.95,8.0,2026,ld,3.576699635061491
3,cheese.95,8.0,2027,ld,3.562507775393349
4,cheese.95,8.0,2028,ld,3.550945212106746
5,cheese.95,8.0,2029,ld,3.5696523723742337
6,cheese.95,8.0,2030,ld,3.5770848574317813
7,cheese.95,8.0,2031,ld,3.575498280285282
8,cheese.95,8.0,2032,ld,3.554428594366044
9,cheese.95,8.0,2033,ld,3.574395913237164
10,cheese.95,8.0,2034,ld,3.0555676986327787
11,cheese.95,8.0,2035,ld,3.210997808117065
12,cheese.95,8.0,2036,ld,3.469418790707697
13,cheese.95,8.0,2037,ld,3.5760706441370984
14,cheese.95,8.0,2038,ld,3.570401832021058
15,cheese.95,8.0,2039,ld,3.5023514512796527
16,cheese.95,8.0,2040,ld,3.576963420123957
17,cheese.95,8.0,2041,ld,3.577523916923227
18,cheese.95,8.0,2042,ld,3.5714703860388526
19,cheese.95,8.0,2043,ld,3.4709905546307684
20,cheese.95,8.0,2044,ld,3.575676961890115
21,cheese.95,8.0,2045,ld,3.5767006994569575
22,cheese.95,8.0,2046,ld,3.4715844144670482
23,cheese.95,8.0,2047,ld,3.5761835018470256
24,cheese.95,8.0,2048,ld,3.5775757156189236
25,cheese.95,8.0,2049,ld,3.4802281541067392
26,cheese.95,8.0,2050,ld,3.575809929676518
27,cheese.95,8.0,2051,ld,3.5767577502552075
28,cheese.95,8.0,2052,ld,3.565278023830814
29,cheese.95,8.0,2053,ld,3.470108492623812
0,tiger-alt-start,,2024,memoryless,-13.75154744766572
1,tiger-alt-start,,2025,memoryless,-15.109512900682493
2,tiger-alt-start,,2026,memoryless,-7.443745458424046
3,tiger-alt-start,,2027,memoryless,-11.98700361073523
4,tiger-alt-start,,2028,memoryless,-17.35421513875775
5,tiger-alt-start,,2029,memoryless,-7.718092124719233
6,tiger-alt-start,,2030,memoryless,-21.886641153509693
7,tiger-alt-start,,2031,memoryless,-11.580272891415909
8,tiger-alt-start,,2032,memoryless,-15.52504690282462
9,tiger-alt-start,,2033,memoryless,-9.605286126732075
10,tiger-alt-start,,2034,memoryless,-8.333085378077282
11,tiger-alt-start,,2035,memoryless,-16.641535923264296
12,tiger-alt-start,,2036,memoryless,-13.167891807757552
13,tiger-alt-start,,2037,memoryless,-7.977472776285502
14,tiger-alt-start,,2038,memoryless,-9.521333240620596
15,tiger-alt-start,,2039,memoryless,-20.039405440258026
16,tiger-alt-start,,2040,memoryless,-11.8519719103713
17,tiger-alt-start,,2041,memoryless,-17.276294495091527
18,tiger-alt-start,,2042,memoryless,-7.575786178950871
19,tiger-alt-start,,2043,memoryless,-10.810123409781678
20,tiger-alt-start,,2044,memoryless,-10.021816348663911
21,tiger-alt-start,,2045,memoryless,-14.070713656125253
22,tiger-alt-start,,2046,memoryless,-8.177247342184234
23,tiger-alt-start,,2047,memoryless,-10.371606803669387
24,tiger-alt-start,,2048,memoryless,-11.643774307659337
25,tiger-alt-start,,2049,memoryless,-13.95748841425596
26,tiger-alt-start,,2050,memoryless,-12.236034703922485
27,tiger-alt-start,,2051,memoryless,-15.792344615197457
28,tiger-alt-start,,2052,memoryless,-9.672668630922288
29,tiger-alt-start,,2053,memoryless,-7.294797600829366
0,tiger-alt-start,,2024,random,-50.37737258826023
1,tiger-alt-start,,2025,random,-51.044426264103876
2,tiger-alt-start,,2026,random,-50.130161323239435
3,tiger-alt-start,,2027,random,-51.77841992235356
4,tiger-alt-start,,2028,random,-50.34916698064992
5,tiger-alt-start,,2029,random,-51.3857594153672
6,tiger-alt-start,,2030,random,-50.94038520786206
7,tiger-alt-start,,2031,random,-52.22727710578933
8,tiger-alt-start,,2032,random,-51.01540483465353
9,tiger-alt-start,,2033,random,-49.831990862123355
10,tiger-alt-start,,2034,random,-51.329563176590526
11,tiger-alt-start,,2035,random,-50.33311537945176
12,tiger-alt-start,,2036,random,-49.881665933955176
13,tiger-alt-start,,2037,random,-49.70040269736385
14,tiger-alt-start,,2038,random,-50.72537994754178
15,tiger-alt-start,,2039,random,-50.429602226805834
16,tiger-alt-start,,2040,random,-49.92396950018686
17,tiger-alt-start,,2041,random,-50.90665383038891
18,tiger-alt-start,,2042,random,-49.813874639818664
19,tiger-alt-start,,2043,random,-49.71243439884018
20,tiger-alt-start,,2044,random,-50.91925665051864
21,tiger-alt-start,,2045,random,-50.12831828640425
22,tiger-alt-start,,2046,random,-49.8670567083982
23,tiger-alt-start,,2047,random,-50.17116977024178
24,tiger-alt-start,,2048,random,-50.58758401882892
25,tiger-alt-start,,2049,random,-50.80777909571175
26,tiger-alt-start,,2050,random,-50.75439607996225
27,tiger-alt-start,,2051,random,-50.661068235790694
28,tiger-alt-start,,2052,random,-50.117352421716994
29,tiger-alt-start,,2053,random,-51.603295033040425
0,tiger-alt-start,2.0,2024,ld,-10.161480188400754
1,tiger-alt-start,2.0,2025,ld,-14.986907057680995
2,tiger-alt-start,2.0,2026,ld,-6.929172639316569
3,tiger-alt-start,2.0,2027,ld,-15.564350701527559
4,tiger-alt-start,2.0,2028,ld,-15.44828178076577
5,tiger-alt-start,2.0,2029,ld,-11.01029652914848
6,tiger-alt-start,2.0,2030,ld,-8.955043142904593
7,tiger-alt-start,2.0,2031,ld,-4.752722523196604
8,tiger-alt-start,2.0,2032,ld,-3.6714239205687558
9,tiger-alt-start,2.0,2033,ld,-2.090295236442921
10,tiger-alt-start,2.0,2034,ld,-12.592997956102614
11,tiger-alt-start,2.0,2035,ld,-3.071291455088458
12,tiger-alt-start,2.0,2036,ld,-3.6331775493815295
13,tiger-alt-start,2.0,2037,ld,-15.517606504271946
14,tiger-alt-start,2.0,2038,ld,-19.553605769721557
15,tiger-alt-start,2.0,2039,ld,-15.502367903589972
16,tiger-alt-start,2.0,2040,ld,-6.275536002680897
17,tiger-alt-start,2.0,2041,ld,-7.108691769960476
18,tiger-alt-start,2.0,2042,ld,-5.719509357251395
19,tiger-alt-start,2.0,2043,ld,-14.048893417170623
20,tiger-alt-start,2.0,2044,ld,-3.131110689486636
21,tiger-alt-start,2.0,2045,ld,-13.264250594412317
22,tiger-alt-start,2.0,2046,ld,-3.895872949061446
23,tiger-alt-start,2.0,2047,ld,-5.332634538070762
24,tiger-alt-start,2.0,2048,ld,-11.791348931250955
25,tiger-alt-start,2.0,2049,ld,-8.834740119266748
26,tiger-alt-start,2.0,2050,ld,-1.1990831460218234
27,tiger-alt-start,2.0,2051,ld,-1.0017598097091502
28,tiger-alt-start,2.0,2052,ld,-2.8588959526988305
29,tiger-alt-start,2.0,2053,ld,-8.874864910178541
0,shuttle.95,,2028,memoryless,18.922962544385836
1,shuttle.95,,2029,memoryless,18.923092627268197
2,shuttle.95,,2030,memoryless,18.923039614115613
3,shuttle.95,,2031,memoryless,18.922927154745192
4,shuttle.95,,2032,memoryless,18.922763023514843
5,shuttle.95,,2033,memoryless,18.92288676780959
6,shuttle.95,,2034,memoryless,18.92288810550609
7,shuttle.95,,2035,memoryless,18.922900600934376
8,shuttle.95,,2036,memoryless,18.92286629799221
9,shuttle.95,,2037,memoryless,18.922752773361555
10,shuttle.95,,2038,memoryless,18.92303800741216
11,shuttle.95,,2039,memoryless,18.922763666803107
12,shuttle.95,,2040,memoryless,18.92302597367804
13,shuttle.95,,2041,memoryless,18.922832688836717
14,shuttle.95,,2042,memoryless,18.922621246158087
15,shuttle.95,,2043,memoryless,18.92245427659885
16,shuttle.95,,2044,memoryless,18.92271090086949
17,shuttle.95,,2045,memoryless,18.92305908157293
18,shuttle.95,,2046,memoryless,18.922464102439598
19,shuttle.95,,2047,memoryless,18.92243752715153
20,shuttle.95,,2048,memoryless,18.922982518461676
21,shuttle.95,,2049,memoryless,18.923106698941652
22,shuttle.95,,2050,memoryless,18.922836430395495
23,shuttle.95,,2051,memoryless,18.922708300689973
24,shuttle.95,,2052,memoryless,18.923016642696442
25,shuttle.95,,2053,memoryless,18.922655069701552
26,shuttle.95,,2054,memoryless,18.923041776618337
27,shuttle.95,,2055,memoryless,18.923020393496934
28,shuttle.95,,2056,memoryless,18.922922987661803
29,shuttle.95,,2057,memoryless,18.922623480305855
0,shuttle.95,,2028,random,-8.191104703495313
1,shuttle.95,,2029,random,-8.90130942317688
2,shuttle.95,,2030,random,-6.308338932621092
3,shuttle.95,,2031,random,-8.287767249723581
4,shuttle.95,,2032,random,-6.995599823097213
5,shuttle.95,,2033,random,-9.724826115354908
6,shuttle.95,,2034,random,-7.653957293099943
7,shuttle.95,,2035,random,-7.341074441024089
8,shuttle.95,,2036,random,-9.492756813794756
9,shuttle.95,,2037,random,-8.764324376155546
10,shuttle.95,,2038,random,-6.944729827780873
11,shuttle.95,,2039,random,-7.344787219088532
12,shuttle.95,,2040,random,-7.096317629060377
13,shuttle.95,,2041,random,-7.922012978503678
14,shuttle.95,,2042,random,-7.583054121713021
15,shuttle.95,,2043,random,-9.06408596751226
16,shuttle.95,,2044,random,-8.882295430786032
17,shuttle.95,,2045,random,-7.984458434217017
18,shuttle.95,,2046,random,-9.583001842890726
19,shuttle.95,,2047,random,-5.78273039472891
20,shuttle.95,,2048,random,-6.888180752627181
21,shuttle.95,,2049,random,-7.256193556364507
22,shuttle.95,,2050,random,-9.047013495001902
23,shuttle.95,,2051,random,-8.703442380209967
24,shuttle.95,,2052,random,-6.234960581844606
25,shuttle.95,,2053,random,-8.674562783270948
26,shuttle.95,,2054,random,-6.166180398037261
27,shuttle.95,,2055,random,-8.066709447045227
28,shuttle.95,,2056,random,-8.212834792080399
29,shuttle.95,,2057,random,-8.537252325623594
0,shuttle.95,8.0,2028,ld,30.705602334473664
1,shuttle.95,8.0,2029,ld,29.891573958536295
2,shuttle.95,8.0,2030,ld,31.892326903949783
3,shuttle.95,8.0,2031,ld,32.10219757297134
4,shuttle.95,8.0,2032,ld,32.57118945514598
5,shuttle.95,8.0,2033,ld,29.09816102489835
6,shuttle.95,8.0,2034,ld,32.666159935503714
7,shuttle.95,8.0,2035,ld,30.82444136716689
8,shuttle.95,8.0,2036,ld,31.24572361571674
9,shuttle.95,8.0,2037,ld,32.88318563586807
10,shuttle.95,8.0,2038,ld,29.536764390466004
11,shuttle.95,8.0,2039,ld,26.262687078818264
12,shuttle.95,8.0,2040,ld,32.88192484831953
13,shuttle.95,8.0,2041,ld,32.10430326513941
14,shuttle.95,8.0,2042,ld,30.39107176554474
15,shuttle.95,8.0,2043,ld,31.671195905771825
16,shuttle.95,8.0,2044,ld,30.938960185619106
17,shuttle.95,8.0,2045,ld,32.88499940428354
18,shuttle.95,8.0,2046,ld,30.416062546710695
19,shuttle.95,8.0,2047,ld,31.353242262279743
20,shuttle.95,8.0,2048,ld,32.85408767780152
21,shuttle.95,8.0,2049,ld,31.770426733732005
22,shuttle.95,8.0,2050,ld,32.885949209910756
23,shuttle.95,8.0,2051,ld,32.88576207775972
24,shuttle.95,8.0,2052,ld,32.88324025120838
25,shuttle.95,8.0,2053,ld,32.0025198430753
26,shuttle.95,8.0,2054,ld,32.55567061934683
27,shuttle.95,8.0,2055,ld,30.630142814490394
28,shuttle.95,8.0,2056,ld,31.608395251268977
29,shuttle.95,8.0,2057,ld,30.08871212277152
0,tiger-alt-start,4.0,2024,ld,-10.193871970992948
1,tiger-alt-start,4.0,2025,ld,-9.958899507021787
2,tiger-alt-start,4.0,2026,ld,-7.0556645136559615
3,tiger-alt-start,4.0,2027,ld,-9.155110303573768
4,tiger-alt-start,4.0,2028,ld,-15.26027898633514
5,tiger-alt-start,4.0,2029,ld,-4.36226106849346
6,tiger-alt-start,4.0,2030,ld,-14.514254050241775
7,tiger-alt-start,4.0,2031,ld,0.4035324526397725
8,tiger-alt-start,4.0,2032,ld,-1.2394896792956347
9,tiger-alt-start,4.0,2033,ld,1.6757665425631605
10,tiger-alt-start,4.0,2034,ld,-12.550849423348538
11,tiger-alt-start,4.0,2035,ld,0.3332526171611851
12,tiger-alt-start,4.0,2036,ld,-3.7152770667969137
13,tiger-alt-start,4.0,2037,ld,-15.517606503903089
14,tiger-alt-start,4.0,2038,ld,-13.4008014822051
15,tiger-alt-start,4.0,2039,ld,-7.976154507817725
16,tiger-alt-start,4.0,2040,ld,-1.6764030245728103
17,tiger-alt-start,4.0,2041,ld,-3.2504059877405096
18,tiger-alt-start,4.0,2042,ld,-5.0776103236082974
19,tiger-alt-start,4.0,2043,ld,-16.13749387245456
20,tiger-alt-start,4.0,2044,ld,-3.128821362871056
21,tiger-alt-start,4.0,2045,ld,-3.232202184948802
22,tiger-alt-start,4.0,2046,ld,-1.3280867193703227
23,tiger-alt-start,4.0,2047,ld,-0.11500290508357913
24,tiger-alt-start,4.0,2048,ld,-6.406527240510942
25,tiger-alt-start,4.0,2049,ld,-5.44566774815973
26,tiger-alt-start,4.0,2050,ld,2.8248562676420006
27,tiger-alt-start,4.0,2051,ld,-0.8025621333679417
28,tiger-alt-start,4.0,2052,ld,-3.615322096116607
29,tiger-alt-start,4.0,2053,ld,-5.115054391002831
0,paint.95,2.0,2024,ld,1.299942286685412
1,paint.95,2.0,2025,ld,-7.058451792272549e-05
2,paint.95,2.0,2026,ld,1.2483454184729275
3,paint.95,2.0,2027,ld,1.281324808226619
4,paint.95,2.0,2028,ld,0.4565463085467739
5,paint.95,2.0,2029,ld,1.3328281612023
6,paint.95,2.0,2030,ld,0.9551589683950252
7,paint.95,2.0,2031,ld,1.052155693806069
8,paint.95,2.0,2032,ld,0.9220420064286292
9,paint.95,2.0,2033,ld,1.1239186671584829
10,paint.95,2.0,2034,ld,1.437804278011626
11,paint.95,2.0,2035,ld,-5.0886967820278956e-05
12,paint.95,2.0,2036,ld,1.4036140238276391
13,paint.95,2.0,2037,ld,1.3198830000284383
14,paint.95,2.0,2038,ld,1.3500533406707071
15,paint.95,2.0,2039,ld,1.4647234100570772
16,paint.95,2.0,2040,ld,0.9282071969088065
17,paint.95,2.0,2041,ld,1.220637351612172
18,paint.95,2.0,2042,ld,0.9741752671623805
19,paint.95,2.0,2043,ld,1.1067600175464019
20,paint.95,2.0,2044,ld,1.1925803875927814
21,paint.95,2.0,2045,ld,0.34778228420508067
22,paint.95,2.0,2046,ld,1.2555441253759216
23,paint.95,2.0,2047,ld,1.4012732302689306
24,paint.95,2.0,2048,ld,1.4611788985374266
25,paint.95,2.0,2049,ld,1.0668541534279483
26,paint.95,2.0,2050,ld,1.2236317381869657
27,paint.95,2.0,2051,ld,-8.143214162291429e-05
28,paint.95,2.0,2052,ld,0.3477770406431245
29,paint.95,2.0,2053,ld,1.344887003554102
0,shuttle.95,2.0,2024,ld,27.90200958825622
1,shuttle.95,2.0,2025,ld,19.024157174505028
2,shuttle.95,2.0,2026,ld,18.922955697340303
3,shuttle.95,2.0,2027,ld,21.276935775603672
4,shuttle.95,2.0,2028,ld,25.278645647155553
5,shuttle.95,2.0,2029,ld,31.643143493404512
6,shuttle.95,2.0,2030,ld,18.923014734994855
7,shuttle.95,2.0,2031,ld,28.964143169496705
8,shuttle.95,2.0,2032,ld,27.956073448231788
9,shuttle.95,2.0,2033,ld,29.48563377896584
10,shuttle.95,2.0,2034,ld,17.06135888635707
11,shuttle.95,2.0,2035,ld,26.924581291540765
12,shuttle.95,2.0,2036,ld,24.357281647726825
13,shuttle.95,2.0,2037,ld,28.96539765196026
14,shuttle.95,2.0,2038,ld,27.31813906267816
15,shuttle.95,2.0,2039,ld,18.92300064594338
16,shuttle.95,2.0,2040,ld,18.923051298583633
17,shuttle.95,2.0,2041,ld,26.989651496710287
18,shuttle.95,2.0,2042,ld,23.878028894885407
19,shuttle.95,2.0,2043,ld,29.151911178098747
20,shuttle.95,2.0,2044,ld,28.9650240871038
21,shuttle.95,2.0,2045,ld,18.922809722654733
22,shuttle.95,2.0,2046,ld,31.294685160448665
23,shuttle.95,2.0,2047,ld,31.690264179901096
24,shuttle.95,2.0,2048,ld,30.42464956230964
25,shuttle.95,2.0,2049,ld,31.8638440210935
26,shuttle.95,2.0,2050,ld,27.904406605134177
27,shuttle.95,2.0,2051,ld,26.169384625575443
28,shuttle.95,2.0,2052,ld,27.822385798636112
29,shuttle.95,2.0,2053,ld,18.923098601431334
0,shuttle.95,4.0,2024,ld,29.462554201005307
1,shuttle.95,4.0,2025,ld,29.686994357237495
2,shuttle.95,4.0,2026,ld,31.863111461254483
3,shuttle.95,4.0,2027,ld,28.68266279840029
4,shuttle.95,4.0,2028,ld,32.88261062605257
5,shuttle.95,4.0,2029,ld,32.19101820636452
6,shuttle.95,4.0,2030,ld,29.318861469983652
7,shuttle.95,4.0,2031,ld,29.59067382096902
8,shuttle.95,4.0,2032,ld,29.628620231083747
9,shuttle.95,4.0,2033,ld,30.214584324195208
10,shuttle.95,4.0,2034,ld,27.811225184616365
11,shuttle.95,4.0,2035,ld,29.063706899670414
12,shuttle.95,4.0,2036,ld,30.92384981974529
13,shuttle.95,4.0,2037,ld,28.963150646288522
14,shuttle.95,4.0,2038,ld,26.690747681175992
15,shuttle.95,4.0,2039,ld,31.62864445385612
16,shuttle.95,4.0,2040,ld,19.967257495612923
17,shuttle.95,4.0,2041,ld,29.18132268857304
18,shuttle.95,4.0,2042,ld,27.89419713180102
19,shuttle.95,4.0,2043,ld,28.949476592984453
20,shuttle.95,4.0,2044,ld,29.453322835331512
21,shuttle.95,4.0,2045,ld,29.19651300224697
22,shuttle.95,4.0,2046,ld,29.18017313122456
23,shuttle.95,4.0,2047,ld,31.86098081068218
24,shuttle.95,4.0,2048,ld,29.265941112338737
25,shuttle.95,4.0,2049,ld,31.430061787632958
26,shuttle.95,4.0,2050,ld,30.755953079762097
27,shuttle.95,4.0,2051,ld,32.45937931355273
28,shuttle.95,4.0,2052,ld,31.363587084769197
29,shuttle.95,4.0,2053,ld,28.677606643863736
0,network,4.0,2024,ld,216.26474055424242
1,network,4.0,2025,ld,200.95679634173976
2,network,4.0,2026,ld,206.37384535710447
3,network,4.0,2027,ld,212.76504350485084
4,network,4.0,2028,ld,201.63081373891228
5,network,4.0,2029,ld,204.0227392534082
6,network,4.0,2030,ld,219.03043540463293
7,network,4.0,2031,ld,208.92370468555131
8,network,4.0,2032,ld,211.41154268882835
9,network,4.0,2033,ld,220.34369935410538
10,network,4.0,2034,ld,197.7741162056522
11,network,4.0,2035,ld,216.14110399583188
12,network,4.0,2036,ld,221.18708341676054
13,network,4.0,2037,ld,203.3613209493697
14,network,4.0,2038,ld,222.19071991185223
15,network,4.0,2039,ld,203.67696033894754
16,network,4.0,2040,ld,210.46063266423218
17,network,4.0,2041,ld,205.83926205485346
18,network,4.0,2042,ld,190.4216158281756
19,network,4.0,2043,ld,214.74545471251741
20,network,4.0,2044,ld,205.19448209009477
21,network,4.0,2045,ld,204.36894766742233
22,network,4.0,2046,ld,204.33250414796638
23,network,4.0,2047,ld,198.89276870672165
24,network,4.0,2048,ld,209.70666272781196
25,network,4.0,2049,ld,160.4582117840071
26,network,4.0,2050,ld,146.53538081869831
27,network,4.0,2051,ld,228.44323226368576
28,network,4.0,2052,ld,229.78855373404573
29,network,4.0,2053,ld,208.62427777405438
0,tmaze_5_two_thirds_up,4.0,2024,ld,1.0628624615736182
1,tmaze_5_two_thirds_up,4.0,2025,ld,1.0628617381011343
2,tmaze_5_two_thirds_up,4.0,2026,ld,1.0628623726323256
3,tmaze_5_two_thirds_up,4.0,2027,ld,1.1158104595173326
4,tmaze_5_two_thirds_up,4.0,2028,ld,2.0912943274803033
5,tmaze_5_two_thirds_up,4.0,2029,ld,1.0628632537088771
6,tmaze_5_two_thirds_up,4.0,2030,ld,2.04672993148151
7,tmaze_5_two_thirds_up,4.0,2031,ld,1.0599340224637643
8,tmaze_5_two_thirds_up,4.0,2032,ld,1.062860803977928
9,tmaze_5_two_thirds_up,4.0,2033,ld,1.7976566204897213
10,tmaze_5_two_thirds_up,4.0,2034,ld,1.870911621297743
11,tmaze_5_two_thirds_up,4.0,2035,ld,1.0628579741716262
12,tmaze_5_two_thirds_up,4.0,2036,ld,1.1590406998972944
13,tmaze_5_two_thirds_up,4.0,2037,ld,1.9427698864139826
14,tmaze_5_two_thirds_up,4.0,2038,ld,2.0770627973890377
15,tmaze_5_two_thirds_up,4.0,2039,ld,1.0427651679621088
16,tmaze_5_two_thirds_up,4.0,2040,ld,2.0002563389758645
17,tmaze_5_two_thirds_up,4.0,2041,ld,2.0893755913576237
18,tmaze_5_two_thirds_up,4.0,2042,ld,1.0628625536965384
19,tmaze_5_two_thirds_up,4.0,2043,ld,1.9851698095376784
20,tmaze_5_two_thirds_up,4.0,2044,ld,1.0628608241995745
21,tmaze_5_two_thirds_up,4.0,2045,ld,1.6133061541756026
22,tmaze_5_two_thirds_up,4.0,2046,ld,1.0733573201630542
23,tmaze_5_two_thirds_up,4.0,2047,ld,1.0628630516666027
24,tmaze_5_two_thirds_up,4.0,2048,ld,1.9348240781673915
25,tmaze_5_two_thirds_up,4.0,2049,ld,1.0672171867700837
26,tmaze_5_two_thirds_up,4.0,2050,ld,2.06645852203944
27,tmaze_5_two_thirds_up,4.0,2051,ld,2.024639154122736
28,tmaze_5_two_thirds_up,4.0,2052,ld,1.0829675082729104
29,tmaze_5_two_thirds_up,4.0,2053,ld,2.014141465117934
0,tiger-alt-start,8.0,2024,ld,-12.378282083294959
1,tiger-alt-start,8.0,2025,ld,-0.6807984494873002
2,tiger-alt-start,8.0,2026,ld,-12.039696012976886
3,tiger-alt-start,8.0,2027,ld,-6.420526225382095
4,tiger-alt-start,8.0,2028,ld,-5.28034826373041
5,tiger-alt-start,8.0,2029,ld,1.8499616315113776
6,tiger-alt-start,8.0,2030,ld,-3.6949131347617516
7,tiger-alt-start,8.0,2031,ld,-17.00455692402716
8,tiger-alt-start,8.0,2032,ld,3.3051190652920037
9,tiger-alt-start,8.0,2033,ld,-2.0927582650725487
10,tiger-alt-start,8.0,2034,ld,0.10535186575151079
11,tiger-alt-start,8.0,2035,ld,-3.2683038415202814
12,tiger-alt-start,8.0,2036,ld,-3.381346347795735
13,tiger-alt-start,8.0,2037,ld,-0.6741668785197866
14,tiger-alt-start,8.0,2038,ld,-1.1991775906335498
15,tiger-alt-start,8.0,2039,ld,-4.911677868753643
16,tiger-alt-start,8.0,2040,ld,-12.094555479001734
17,tiger-alt-start,8.0,2041,ld,-0.682189211218164
18,tiger-alt-start,8.0,2042,ld,-4.883297344640145
19,tiger-alt-start,8.0,2043,ld,0.8395798952937592
20,tiger-alt-start,8.0,2044,ld,-0.40008288354370514
21,tiger-alt-start,8.0,2045,ld,-4.418498142524367
22,tiger-alt-start,8.0,2046,ld,1.5429997905154433
23,tiger-alt-start,8.0,2047,ld,-5.374467955592573
24,tiger-alt-start,8.0,2048,ld,-1.5372186957582237
25,tiger-alt-start,8.0,2049,ld,-6.189796460330694
26,tiger-alt-start,8.0,2050,ld,-5.07188397169125
27,tiger-alt-start,8.0,2051,ld,-5.4108950615331395
28,tiger-alt-start,8.0,2052,ld,2.8078625072180365
29,tiger-alt-start,8.0,2053,ld,-16.34848349523836
0,tmaze_5_two_thirds_up,2.0,2024,ld,1.0628612981691208
1,tmaze_5_two_thirds_up,2.0,2025,ld,1.0628617120287371
2,tmaze_5_two_thirds_up,2.0,2026,ld,1.062843553473613
3,tmaze_5_two_thirds_up,2.0,2027,ld,1.0628617654652237
4,tmaze_5_two_thirds_up,2.0,2028,ld,1.0629495410900678
5,tmaze_5_two_thirds_up,2.0,2029,ld,1.062863222257241
6,tmaze_5_two_thirds_up,2.0,2030,ld,1.0680476960913976
7,tmaze_5_two_thirds_up,2.0,2031,ld,1.0362929454356482
8,tmaze_5_two_thirds_up,2.0,2032,ld,1.0628612168099705
9,tmaze_5_two_thirds_up,2.0,2033,ld,1.0628631423840853
10,tmaze_5_two_thirds_up,2.0,2034,ld,2.074623884401953
11,tmaze_5_two_thirds_up,2.0,2035,ld,1.0628607123932758
12,tmaze_5_two_thirds_up,2.0,2036,ld,1.0628638551864824
13,tmaze_5_two_thirds_up,2.0,2037,ld,1.0409631755651825
14,tmaze_5_two_thirds_up,2.0,2038,ld,1.9497114019552302
15,tmaze_5_two_thirds_up,2.0,2039,ld,1.0628604434071256
16,tmaze_5_two_thirds_up,2.0,2040,ld,1.0687621509558565
17,tmaze_5_two_thirds_up,2.0,2041,ld,1.1498754443367116
18,tmaze_5_two_thirds_up,2.0,2042,ld,1.1051148328086031
19,tmaze_5_two_thirds_up,2.0,2043,ld,1.0423941799647547
20,tmaze_5_two_thirds_up,2.0,2044,ld,1.0628606285408282
21,tmaze_5_two_thirds_up,2.0,2045,ld,1.0628660210347096
22,tmaze_5_two_thirds_up,2.0,2046,ld,1.0628645222817388
23,tmaze_5_two_thirds_up,2.0,2047,ld,1.0628629347664686
24,tmaze_5_two_thirds_up,2.0,2048,ld,2.060294446452795
25,tmaze_5_two_thirds_up,2.0,2049,ld,1.0628623303547207
26,tmaze_5_two_thirds_up,2.0,2050,ld,1.062863312997661
27,tmaze_5_two_thirds_up,2.0,2051,ld,1.1287469093540439
28,tmaze_5_two_thirds_up,2.0,2052,ld,1.6014982604631507
29,tmaze_5_two_thirds_up,2.0,2053,ld,1.062861010144885
0,network,2.0,2024,ld,213.82677190420526
1,network,2.0,2025,ld,140.67380858100185
2,network,2.0,2026,ld,192.23140972768942
3,network,2.0,2027,ld,205.56246497831293
4,network,2.0,2028,ld,167.71200437985544
5,network,2.0,2029,ld,161.2840690584415
6,network,2.0,2030,ld,222.11798069922943
7,network,2.0,2031,ld,205.54782202551968
8,network,2.0,2032,ld,206.8295489796165
9,network,2.0,2033,ld,226.3122033298888
10,network,2.0,2034,ld,197.0576476540115
11,network,2.0,2035,ld,196.32777430271526
12,network,2.0,2036,ld,203.28114519783003
13,network,2.0,2037,ld,196.09433357622916
14,network,2.0,2038,ld,210.17928192051747
15,network,2.0,2039,ld,166.91472049374985
16,network,2.0,2040,ld,203.70139160619095
17,network,2.0,2041,ld,196.9748667928762
18,network,2.0,2042,ld,164.3007736058731
19,network,2.0,2043,ld,207.47729390748313
20,network,2.0,2044,ld,199.28442484488983
21,network,2.0,2045,ld,203.3523027481819
22,network,2.0,2046,ld,186.46663963115
23,network,2.0,2047,ld,193.59946038987948
24,network,2.0,2048,ld,210.10177289016627
25,network,2.0,2049,ld,140.67859934862906
26,network,2.0,2050,ld,148.73801538677478
27,network,2.0,2051,ld,202.05653017647612
28,network,2.0,2052,ld,210.99607895385583
29,network,2.0,2053,ld,194.07313311499982
0,4x3.95,,2029,memoryless,0.7783724515852484
1,4x3.95,,2030,memoryless,0.7783683787634368
2,4x3.95,,2031,memoryless,0.77837248633123
3,4x3.95,,2032,memoryless,0.7783629980208598
4,4x3.95,,2033,memoryless,0.7783758982043467
5,4x3.95,,2034,memoryless,0.7783682353094261
6,4x3.95,,2035,memoryless,0.7783627003628006
7,4x3.95,,2036,memoryless,0.7783728931254685
8,4x3.95,,2037,memoryless,0.7783708951874158
9,4x3.95,,2038,memoryless,0.7783586746332258
10,4x3.95,,2039,memoryless,0.778369550992899
11,4x3.95,,2040,memoryless,0.778367687507689
12,4x3.95,,2041,memoryless,0.7783684611077815
13,4x3.95,,2042,memoryless,0.7783659864819497
14,4x3.95,,2043,memoryless,0.7783644127188352
15,4x3.95,,2044,memoryless,0.7783640549285534
16,4x3.95,,2045,memoryless,0.7783667111017155
17,4x3.95,,2046,memoryless,0.7783646709453833
18,4x3.95,,2047,memoryless,0.7783749267913311
19,4x3.95,,2048,memoryless,0.7783701738646273
20,4x3.95,,2049,memoryless,0.7783686811855703
21,4x3.95,,2050,memoryless,0.7783687855122137
22,4x3.95,,2051,memoryless,0.7783678173154143
23,4x3.95,,2052,memoryless,0.7783746644532503
24,4x3.95,,2053,memoryless,0.778374666005678
25,4x3.95,,2054,memoryless,0.7783691521165595
26,4x3.95,,2055,memoryless,0.778369163174365
27,4x3.95,,2056,memoryless,0.7783682849787229
28,4x3.95,,2057,memoryless,0.7783716713034161
29,4x3.95,,2058,memoryless,0.7783714341904086
0,4x3.95,,2029,random,-0.9786057339165408
1,4x3.95,,2030,random,-1.0186035213449327
2,4x3.95,,2031,random,-1.0004634613753445
3,4x3.95,,2032,random,-1.0009988549610656
4,4x3.95,,2033,random,-1.0142638505380916
5,4x3.95,,2034,random,-1.0124836464899893
6,4x3.95,,2035,random,-1.0115329694357797
7,4x3.95,,2036,random,-0.972174603700067
8,4x3.95,,2037,random,-1.004127395623454
9,4x3.95,,2038,random,-1.0172765045150831
10,4x3.95,,2039,random,-0.9903812652210813
11,4x3.95,,2040,random,-0.9770447395792692
12,4x3.95,,2041,random,-0.9734912106885429
13,4x3.95,,2042,random,-0.9773907644278256
14,4x3.95,,2043,random,-1.0108305833550502
15,4x3.95,,2044,random,-1.0034757662358385
16,4x3.95,,2045,random,-1.0270497892270318
17,4x3.95,,2046,random,-0.9851668127738433
18,4x3.95,,2047,random,-1.000693431319893
19,4x3.95,,2048,random,-1.0359298168804076
20,4x3.95,,2049,random,-1.008470804260455
21,4x3.95,,2050,random,-0.9174907562232423
22,4x3.95,,2051,random,-0.9277922903417734
23,4x3.95,,2052,random,-1.0054679246867309
24,4x3.95,,2053,random,-0.9684084995167063
25,4x3.95,,2054,random,-0.997058682919553
26,4x3.95,,2055,random,-0.9374432819279852
27,4x3.95,,2056,random,-0.9735714986643057
28,4x3.95,,2057,random,-1.0214278432887904
29,4x3.95,,2058,random,-1.0193015828565306
0,4x3.95,8.0,2029,ld,1.8425372505429185
1,4x3.95,8.0,2030,ld,1.7940075294764684
2,4x3.95,8.0,2031,ld,1.838680733116395
3,4x3.95,8.0,2032,ld,1.8145462368108625
4,4x3.95,8.0,2033,ld,1.6333988211231016
5,4x3.95,8.0,2034,ld,1.6357351284587036
6,4x3.95,8.0,2035,ld,1.8092312760219875
7,4x3.95,8.0,2036,ld,1.7066664803557197
8,4x3.95,8.0,2037,ld,1.7797146723804194
9,4x3.95,8.0,2038,ld,1.7676195051215378
10,4x3.95,8.0,2039,ld,1.7973615934270641
11,4x3.95,8.0,2040,ld,1.7041930269600138
12,4x3.95,8.0,2041,ld,1.578806482304959
13,4x3.95,8.0,2042,ld,1.683298860004856
14,4x3.95,8.0,2043,ld,1.8271957146279012
15,4x3.95,8.0,2044,ld,1.8580593014771256
16,4x3.95,8.0,2045,ld,1.841480504956972
17,4x3.95,8.0,2046,ld,1.8343198022395408
18,4x3.95,8.0,2047,ld,1.294750796678815
19,4x3.95,8.0,2048,ld,1.877646170550971
20,4x3.95,8.0,2049,ld,1.8432704911418427
21,4x3.95,8.0,2050,ld,1.4943577010203324
22,4x3.95,8.0,2051,ld,1.8094898951678677
23,4x3.95,8.0,2052,ld,1.811966386948842
24,4x3.95,8.0,2053,ld,1.9211903260253864
25,4x3.95,8.0,2054,ld,1.7833215764757193
26,4x3.95,8.0,2055,ld,1.8617266882637415
27,4x3.95,8.0,2056,ld,1.8904605360731013
28,4x3.95,8.0,2057,ld,1.7354614888649327
29,4x3.95,8.0,2058,ld,1.8812678961745957
0,cheese.95,2.0,2024,ld,3.346232281481613
1,cheese.95,2.0,2025,ld,3.4767818090439726
2,cheese.95,2.0,2026,ld,3.4715233304877047
3,cheese.95,2.0,2027,ld,3.250844301268632
4,cheese.95,2.0,2028,ld,3.470111000463552
5,cheese.95,2.0,2029,ld,3.5745583956709073
6,cheese.95,2.0,2030,ld,3.4715928540797663
7,cheese.95,2.0,2031,ld,3.470803746014723
8,cheese.95,2.0,2032,ld,3.5509284106202252
9,cheese.95,2.0,2033,ld,3.3338986281842735
10,cheese.95,2.0,2034,ld,3.316891201936394
11,cheese.95,2.0,2035,ld,3.157747389476543
12,cheese.95,2.0,2036,ld,3.400574441302859
13,cheese.95,2.0,2037,ld,3.5727878286320323
14,cheese.95,2.0,2038,ld,3.4715685642325496
15,cheese.95,2.0,2039,ld,3.3966361157970537
16,cheese.95,2.0,2040,ld,3.208886838002324
17,cheese.95,2.0,2041,ld,3.2232551856394207
18,cheese.95,2.0,2042,ld,3.47158038817298
19,cheese.95,2.0,2043,ld,3.338970093784261
20,cheese.95,2.0,2044,ld,3.4348819795079923
21,cheese.95,2.0,2045,ld,3.3659831839780225
22,cheese.95,2.0,2046,ld,2.7606219357389463
23,cheese.95,2.0,2047,ld,3.221296495137745
24,cheese.95,2.0,2048,ld,3.3123312856828364
25,cheese.95,2.0,2049,ld,3.571607475374765
26,cheese.95,2.0,2050,ld,2.758847546530388
27,cheese.95,2.0,2051,ld,3.3240399397392837
28,cheese.95,2.0,2052,ld,2.8641522482190185
29,cheese.95,2.0,2053,ld,2.8203364814539835
0,4x3.95,2.0,2024,ld,1.2454162337865473
1,4x3.95,2.0,2025,ld,1.3420549722746908
2,4x3.95,2.0,2026,ld,1.3303869118747942
3,4x3.95,2.0,2027,ld,1.2236238621948112
4,4x3.95,2.0,2028,ld,1.3223458497886724
5,4x3.95,2.0,2029,ld,1.3232923281085447
6,4x3.95,2.0,2030,ld,1.1398201342483312
7,4x3.95,2.0,2031,ld,1.3420919053840896
8,4x3.95,2.0,2032,ld,1.3232974795261085
9,4x3.95,2.0,2033,ld,1.3232896891585073
10,4x3.95,2.0,2034,ld,1.3323055468994882
11,4x3.95,2.0,2035,ld,1.342109384349895
12,4x3.95,2.0,2036,ld,1.6018052392974758
13,4x3.95,2.0,2037,ld,1.2414751371404722
14,4x3.95,2.0,2038,ld,1.504415285482303
15,4x3.95,2.0,2039,ld,1.3303094910420141
16,4x3.95,2.0,2040,ld,1.3420664203929822
17,4x3.95,2.0,2041,ld,1.5044105673628991
18,4x3.95,2.0,2042,ld,1.3230083715176086
19,4x3.95,2.0,2043,ld,1.3289756909990382
20,4x3.95,2.0,2044,ld,1.5047218791924348
21,4x3.95,2.0,2045,ld,1.6018446792643977
22,4x3.95,2.0,2046,ld,1.330405594383729
23,4x3.95,2.0,2047,ld,1.6014097490883148
24,4x3.95,2.0,2048,ld,1.602358422937538
25,4x3.95,2.0,2049,ld,1.3170765456691136
26,4x3.95,2.0,2050,ld,1.231172821949091
27,4x3.95,2.0,2051,ld,1.5047492196475334
28,4x3.95,2.0,2052,ld,1.3420981814901165
29,4x3.95,2.0,2053,ld,1.6046775657461563
0,4x3.95,4.0,2024,ld,1.5176065380842259
1,4x3.95,4.0,2025,ld,1.3823995361950931
2,4x3.95,4.0,2026,ld,1.8443444476259683
3,4x3.95,4.0,2027,ld,1.4870845691984962
4,4x3.95,4.0,2028,ld,1.782415372343041
5,4x3.95,4.0,2029,ld,1.5999904938859852
6,4x3.95,4.0,2030,ld,1.3908822151903402
7,4x3.95,4.0,2031,ld,1.5743477993003503
8,4x3.95,4.0,2032,ld,1.6886252380160716
9,4x3.95,4.0,2033,ld,1.5415785656142358
10,4x3.95,4.0,2034,ld,1.5700876298644655
11,4x3.95,4.0,2035,ld,1.6189838672903198
12,4x3.95,4.0,2036,ld,1.7927996907898593
13,4x3.95,4.0,2037,ld,1.230752048793907
14,4x3.95,4.0,2038,ld,1.781956932651952
15,4x3.95,4.0,2039,ld,1.6974006447626886
16,4x3.95,4.0,2040,ld,1.6580708496107284
17,4x3.95,4.0,2041,ld,1.690968416593636
18,4x3.95,4.0,2042,ld,1.669100847111057
19,4x3.95,4.0,2043,ld,1.8611732479558234
20,4x3.95,4.0,2044,ld,1.8745209329425394
21,4x3.95,4.0,2045,ld,1.6529607746131882
22,4x3.95,4.0,2046,ld,1.491751825516045
23,4x3.95,4.0,2047,ld,1.6540463435328776
24,4x3.95,4.0,2048,ld,1.7733265737997155
25,4x3.95,4.0,2049,ld,1.6195896950242563
26,4x3.95,4.0,2050,ld,1.6144483853515668
27,4x3.95,4.0,2051,ld,1.6835730688478652
28,4x3.95,4.0,2052,ld,1.4965256635777837
29,4x3.95,4.0,2053,ld,1.4666041569435024
0,paint.95,8.0,2028,ld,2.551996804906048
1,paint.95,8.0,2029,ld,-6.767718233411387e-05
2,paint.95,8.0,2030,ld,2.6405399522732997
3,paint.95,8.0,2031,ld,1.719107709466694
4,paint.95,8.0,2032,ld,1.565991658966626
5,paint.95,8.0,2033,ld,-5.747974135305726e-05
6,paint.95,8.0,2034,ld,2.89895397737043
7,paint.95,8.0,2035,ld,1.5910400033815995
8,paint.95,8.0,2036,ld,2.0054193203621065
9,paint.95,8.0,2037,ld,1.3193234470269135
10,paint.95,8.0,2038,ld,1.3762450124211822
11,paint.95,8.0,2039,ld,3.078224867001542
12,paint.95,8.0,2040,ld,1.581963021424298
13,paint.95,8.0,2041,ld,0.9900761247888404
14,paint.95,8.0,2042,ld,2.12216404974869
15,paint.95,8.0,2043,ld,2.098577668303172
16,paint.95,8.0,2044,ld,1.4803102337094463
17,paint.95,8.0,2045,ld,1.2107474090258763
18,paint.95,8.0,2046,ld,3.138394077402472
19,paint.95,8.0,2047,ld,1.5493874674991308
20,paint.95,8.0,2048,ld,2.615036817555812
21,paint.95,8.0,2049,ld,2.6569066829034607
22,paint.95,8.0,2050,ld,2.654588678774139
23,paint.95,8.0,2051,ld,2.8348365217403595
24,paint.95,8.0,2052,ld,1.5420841388753073
25,paint.95,8.0,2053,ld,1.6191418362810024
26,paint.95,8.0,2054,ld,1.363874305658714
27,paint.95,8.0,2055,ld,2.608440620950143
28,paint.95,8.0,2056,ld,1.1446998948577507
29,paint.95,8.0,2057,ld,2.7869152583849806
0,network,,2024,belief,296.2187032020679
1,network,,2025,belief,296.2187032020679
2,network,,2026,belief,296.2187032020679
3,network,,2027,belief,296.2187032020679
4,network,,2028,belief,296.2187032020679
5,network,,2029,belief,296.2187032020679
6,network,,2030,belief,296.2187032020679
7,network,,2031,belief,296.2187032020679
8,network,,2032,belief,296.2187032020679
9,network,,2033,belief,296.2187032020679
10,network,,2034,belief,296.2187032020679
11,network,,2035,belief,296.2187032020679
12,network,,2036,belief,296.2187032020679
13,network,,2037,belief,296.2187032020679
14,network,,2038,belief,296.2187032020679
15,network,,2039,belief,296.2187032020679
16,network,,2040,belief,296.2187032020679
17,network,,2041,belief,296.2187032020679
18,network,,2042,belief,296.2187032020679
19,network,,2043,belief,296.2187032020679
20,network,,2044,belief,296.2187032020679
21,network,,2045,belief,296.2187032020679
22,network,,2046,belief,296.2187032020679
23,network,,2047,belief,296.2187032020679
24,network,,2048,belief,296.2187032020679
25,network,,2049,belief,296.2187032020679
26,network,,2050,belief,296.2187032020679
27,network,,2051,belief,296.2187032020679
28,network,,2052,belief,296.2187032020679
29,network,,2053,belief,296.2187032020679
30,network,,2054,belief,296.2187032020679
31,network,,2055,belief,296.2187032020679
32,network,,2056,belief,296.2187032020679
33,network,,2057,belief,296.2187032020679
34,network,,2058,belief,296.2187032020679
0,paint.95,,2024,belief,3.293597084371071
1,paint.95,,2025,belief,3.293597084371071
2,paint.95,,2026,belief,3.293597084371071
3,paint.95,,2027,belief,3.293597084371071
4,paint.95,,2028,belief,3.293597084371071
5,paint.95,,2029,belief,3.293597084371071
6,paint.95,,2030,belief,3.293597084371071
7,paint.95,,2031,belief,3.293597084371071
8,paint.95,,2032,belief,3.293597084371071
9,paint.95,,2033,belief,3.293597084371071
10,paint.95,,2034,belief,3.293597084371071
11,paint.95,,2035,belief,3.293597084371071
12,paint.95,,2036,belief,3.293597084371071
13,paint.95,,2037,belief,3.293597084371071
14,paint.95,,2038,belief,3.293597084371071
15,paint.95,,2039,belief,3.293597084371071
16,paint.95,,2040,belief,3.293597084371071
17,paint.95,,2041,belief,3.293597084371071
18,paint.95,,2042,belief,3.293597084371071
19,paint.95,,2043,belief,3.293597084371071
20,paint.95,,2044,belief,3.293597084371071
21,paint.95,,2045,belief,3.293597084371071
22,paint.95,,2046,belief,3.293597084371071
23,paint.95,,2047,belief,3.293597084371071
24,paint.95,,2048,belief,3.293597084371071
25,paint.95,,2049,belief,3.293597084371071
26,paint.95,,2050,belief,3.293597084371071
27,paint.95,,2051,belief,3.293597084371071
28,paint.95,,2052,belief,3.293597084371071
29,paint.95,,2053,belief,3.293597084371071
30,paint.95,,2054,belief,3.293597084371071
31,paint.95,,2055,belief,3.293597084371071
32,paint.95,,2056,belief,3.293597084371071
33,paint.95,,2057,belief,3.293597084371071
34,paint.95,,2058,belief,3.293597084371071
0,4x3.95,,2024,belief,2.001088974770953
1,4x3.95,,2025,belief,2.001088974770953
2,4x3.95,,2026,belief,2.001088974770953
3,4x3.95,,2027,belief,2.001088974770953
4,4x3.95,,2028,belief,2.001088974770953
5,4x3.95,,2029,belief,2.001088974770953
6,4x3.95,,2030,belief,2.001088974770953
7,4x3.95,,2031,belief,2.001088974770953
8,4x3.95,,2032,belief,2.001088974770953
9,4x3.95,,2033,belief,2.001088974770953
10,4x3.95,,2034,belief,2.001088974770953
11,4x3.95,,2035,belief,2.001088974770953
12,4x3.95,,2036,belief,2.001088974770953
13,4x3.95,,2037,belief,2.001088974770953
14,4x3.95,,2038,belief,2.001088974770953
15,4x3.95,,2039,belief,2.001088974770953
16,4x3.95,,2040,belief,2.001088974770953
17,4x3.95,,2041,belief,2.001088974770953
18,4x3.95,,2042,belief,2.001088974770953
19,4x3.95,,2043,belief,2.001088974770953
20,4x3.95,,2044,belief,2.001088974770953
21,4x3.95,,2045,belief,2.001088974770953
22,4x3.95,,2046,belief,2.001088974770953
23,4x3.95,,2047,belief,2.001088974770953
24,4x3.95,,2048,belief,2.001088974770953
25,4x3.95,,2049,belief,2.001088974770953
26,4x3.95,,2050,belief,2.001088974770953
27,4x3.95,,2051,belief,2.001088974770953
28,4x3.95,,2052,belief,2.001088974770953
29,4x3.95,,2053,belief,2.001088974770953
30,4x3.95,,2054,belief,2.001088974770953
31,4x3.95,,2055,belief,2.001088974770953
32,4x3.95,,2056,belief,2.001088974770953
33,4x3.95,,2057,belief,2.001088974770953
34,4x3.95,,2058,belief,2.001088974770953
0,tiger-alt-start,,2024,belief,3.7701893248807115
1,tiger-alt-start,,2025,belief,3.7701893248807115
2,tiger-alt-start,,2026,belief,3.7701893248807115
3,tiger-alt-start,,2027,belief,3.7701893248807115
4,tiger-alt-start,,2028,belief,3.7701893248807115
5,tiger-alt-start,,2029,belief,3.7701893248807115
6,tiger-alt-start,,2030,belief,3.7701893248807115
7,tiger-alt-start,,2031,belief,3.7701893248807115
8,tiger-alt-start,,2032,belief,3.7701893248807115
9,tiger-alt-start,,2033,belief,3.7701893248807115
10,tiger-alt-start,,2034,belief,3.7701893248807115
11,tiger-alt-start,,2035,belief,3.7701893248807115
12,tiger-alt-start,,2036,belief,3.7701893248807115
13,tiger-alt-start,,2037,belief,3.7701893248807115
14,tiger-alt-start,,2038,belief,3.7701893248807115
15,tiger-alt-start,,2039,belief,3.7701893248807115
16,tiger-alt-start,,2040,belief,3.7701893248807115
17,tiger-alt-start,,2041,belief,3.7701893248807115
18,tiger-alt-start,,2042,belief,3.7701893248807115
19,tiger-alt-start,,2043,belief,3.7701893248807115
20,tiger-alt-start,,2044,belief,3.7701893248807115
21,tiger-alt-start,,2045,belief,3.7701893248807115
22,tiger-alt-start,,2046,belief,3.7701893248807115
23,tiger-alt-start,,2047,belief,3.7701893248807115
24,tiger-alt-start,,2048,belief,3.7701893248807115
25,tiger-alt-start,,2049,belief,3.7701893248807115
26,tiger-alt-start,,2050,belief,3.7701893248807115
27,tiger-alt-start,,2051,belief,3.7701893248807115
28,tiger-alt-start,,2052,belief,3.7701893248807115
29,tiger-alt-start,,2053,belief,3.7701893248807115
30,tiger-alt-start,,2054,belief,3.7701893248807115
31,tiger-alt-start,,2055,belief,3.7701893248807115
32,tiger-alt-start,,2056,belief,3.7701893248807115
33,tiger-alt-start,,2057,belief,3.7701893248807115
34,tiger-alt-start,,2058,belief,3.7701893248807115
0,shuttle.95,,2024,belief,32.88972468934434
1,shuttle.95,,2025,belief,32.88972468934434
2,shuttle.95,,2026,belief,32.88972468934434
3,shuttle.95,,2027,belief,32.88972468934434
4,shuttle.95,,2028,belief,32.88972468934434
5,shuttle.95,,2029,belief,32.88972468934434
6,shuttle.95,,2030,belief,32.88972468934434
7,shuttle.95,,2031,belief,32.88972468934434
8,shuttle.95,,2032,belief,32.88972468934434
9,shuttle.95,,2033,belief,32.88972468934434
10,shuttle.95,,2034,belief,32.88972468934434
11,shuttle.95,,2035,belief,32.88972468934434
12,shuttle.95,,2036,belief,32.88972468934434
13,shuttle.95,,2037,belief,32.88972468934434
14,shuttle.95,,2038,belief,32.88972468934434
15,shuttle.95,,2039,belief,32.88972468934434
16,shuttle.95,,2040,belief,32.88972468934434
17,shuttle.95,,2041,belief,32.88972468934434
18,shuttle.95,,2042,belief,32.88972468934434
19,shuttle.95,,2043,belief,32.88972468934434
20,shuttle.95,,2044,belief,32.88972468934434
21,shuttle.95,,2045,belief,32.88972468934434
22,shuttle.95,,2046,belief,32.88972468934434
23,shuttle.95,,2047,belief,32.88972468934434
24,shuttle.95,,2048,belief,32.88972468934434
25,shuttle.95,,2049,belief,32.88972468934434
26,shuttle.95,,2050,belief,32.88972468934434
27,shuttle.95,,2051,belief,32.88972468934434
28,shuttle.95,,2052,belief,32.88972468934434
29,shuttle.95,,2053,belief,32.88972468934434
30,shuttle.95,,2054,belief,32.88972468934434
31,shuttle.95,,2055,belief,32.88972468934434
32,shuttle.95,,2056,belief,32.88972468934434
33,shuttle.95,,2057,belief,32.88972468934434
34,shuttle.95,,2058,belief,32.88972468934434
0,cheese.95,,2024,belief,3.5788796295075453
1,cheese.95,,2025,belief,3.5788796295075453
2,cheese.95,,2026,belief,3.5788796295075453
3,cheese.95,,2027,belief,3.5788796295075453
4,cheese.95,,2028,belief,3.5788796295075453
5,cheese.95,,2029,belief,3.5788796295075453
6,cheese.95,,2030,belief,3.5788796295075453
7,cheese.95,,2031,belief,3.5788796295075453
8,cheese.95,,2032,belief,3.5788796295075453
9,cheese.95,,2033,belief,3.5788796295075453
10,cheese.95,,2034,belief,3.5788796295075453
11,cheese.95,,2035,belief,3.5788796295075453
12,cheese.95,,2036,belief,3.5788796295075453
13,cheese.95,,2037,belief,3.5788796295075453
14,cheese.95,,2038,belief,3.5788796295075453
15,cheese.95,,2039,belief,3.5788796295075453
16,cheese.95,,2040,belief,3.5788796295075453
17,cheese.95,,2041,belief,3.5788796295075453
18,cheese.95,,2042,belief,3.5788796295075453
19,cheese.95,,2043,belief,3.5788796295075453
20,cheese.95,,2044,belief,3.5788796295075453
21,cheese.95,,2045,belief,3.5788796295075453
22,cheese.95,,2046,belief,3.5788796295075453
23,cheese.95,,2047,belief,3.5788796295075453
24,cheese.95,,2048,belief,3.5788796295075453
25,cheese.95,,2049,belief,3.5788796295075453
26,cheese.95,,2050,belief,3.5788796295075453
27,cheese.95,,2051,belief,3.5788796295075453
28,cheese.95,,2052,belief,3.5788796295075453
29,cheese.95,,2053,belief,3.5788796295075453
30,cheese.95,,2054,belief,3.5788796295075453
31,cheese.95,,2055,belief,3.5788796295075453
32,cheese.95,,2056,belief,3.5788796295075453
33,cheese.95,,2057,belief,3.5788796295075453
34,cheese.95,,2058,belief,3.5788796295075453
0,tmaze_5_two_thirds_up,,2024,belief,2.1257640000000007
1,tmaze_5_two_thirds_up,,2025,belief,2.1257640000000007
2,tmaze_5_two_thirds_up,,2026,belief,2.1257640000000007
3,tmaze_5_two_thirds_up,,2027,belief,2.1257640000000007
4,tmaze_5_two_thirds_up,,2028,belief,2.1257640000000007
5,tmaze_5_two_thirds_up,,2029,belief,2.1257640000000007
6,tmaze_5_two_thirds_up,,2030,belief,2.1257640000000007
7,tmaze_5_two_thirds_up,,2031,belief,2.1257640000000007
8,tmaze_5_two_thirds_up,,2032,belief,2.1257640000000007
9,tmaze_5_two_thirds_up,,2033,belief,2.1257640000000007
10,tmaze_5_two_thirds_up,,2034,belief,2.1257640000000007
11,tmaze_5_two_thirds_up,,2035,belief,2.1257640000000007
12,tmaze_5_two_thirds_up,,2036,belief,2.1257640000000007
13,tmaze_5_two_thirds_up,,2037,belief,2.1257640000000007
14,tmaze_5_two_thirds_up,,2038,belief,2.1257640000000007
15,tmaze_5_two_thirds_up,,2039,belief,2.1257640000000007
16,tmaze_5_two_thirds_up,,2040,belief,2.1257640000000007
17,tmaze_5_two_thirds_up,,2041,belief,2.1257640000000007
18,tmaze_5_two_thirds_up,,2042,belief,2.1257640000000007
19,tmaze_5_two_thirds_up,,2043,belief,2.1257640000000007
20,tmaze_5_two_thirds_up,,2044,belief,2.1257640000000007
21,tmaze_5_two_thirds_up,,2045,belief,2.1257640000000007
22,tmaze_5_two_thirds_up,,2046,belief,2.1257640000000007
23,tmaze_5_two_thirds_up,,2047,belief,2.1257640000000007
24,tmaze_5_two_thirds_up,,2048,belief,2.1257640000000007
25,tmaze_5_two_thirds_up,,2049,belief,2.1257640000000007
26,tmaze_5_two_thirds_up,,2050,belief,2.1257640000000007
27,tmaze_5_two_thirds_up,,2051,belief,2.1257640000000007
28,tmaze_5_two_thirds_up,,2052,belief,2.1257640000000007
29,tmaze_5_two_thirds_up,,2053,belief,2.1257640000000007
30,tmaze_5_two_thirds_up,,2054,belief,2.1257640000000007
31,tmaze_5_two_thirds_up,,2055,belief,2.1257640000000007
32,tmaze_5_two_thirds_up,,2056,belief,2.1257640000000007
33,tmaze_5_two_thirds_up,,2057,belief,2.1257640000000007
34,tmaze_5_two_thirds_up,,2058,belief,2.1257640000000007
